{"cameraMode":{"drawMode":0,"name":"Shaded","section":"Shading Mode"},"sceneLighting":true,"audioPlay":false,"sceneViewState":{"showFog":true,"showMaterialUpdate":false,"showSkybox":true,"showFlares":true,"showImageEffects":true,"showParticleSystems":true},"in2DMode":false,"pivot":{"x":481.04180908203127,"y":0.8359222412109375,"z":381.15972900390627},"rotation":{"x":0.007949309423565865,"y":-0.653231680393219,"z":-0.006859512999653816,"w":-0.7570896744728088},"size":2.803549289703369,"orthographic":false}